{
  "image": "/home/lucius/바탕화면/AI 자율주행 경진대회/circuit_blueprint.png",
  "track_yaml": "config/track.yaml",
  "mask": "red",
  "component": "all",
  "image_size_px": [
    3995,
    3548
  ],
  "raw_mask_pixels": 4765,
  "mask_pixels": 4765,
  "mask_bbox_px": [
    640,
    384,
    3359,
    3183
  ],
  "field_mm": [
    16000.0,
    12000.0
  ],
  "track_total_length_m": 256.5235457643404,
  "track_samples": 257,
  "px_per_mm": {
    "x": 0.1699375,
    "y": 0.23325,
    "average": 0.20159375000000002
  },
  "tolerance_mm": 425.0,
  "tolerance_px": 85.67734375,
  "track_to_blueprint": {
    "mean_px": 268.5961205826653,
    "median_px": 285.40791867515776,
    "p95_px": 487.1896279249198,
    "max_px": 591.4947132869617,
    "mean_mm": 1332.3633326066176,
    "median_mm": 1415.7577736172761,
    "p95_mm": 2416.690140070909,
    "within_tolerance_percent": 0.38910505836575876
  },
  "blueprint_to_track": {
    "mean_px": 506.5370374538797,
    "median_px": 597.7710689739231,
    "p95_px": 777.2342335815505,
    "max_px": 791.049879730104,
    "mean_mm": 2512.6624087000696,
    "median_mm": 2965.2261985995256,
    "p95_mm": 3855.4480661307725,
    "within_tolerance_percent": 0.1049317943336831
  },
  "estimated_shape_accuracy_percent": 0.24701842634972093,
  "bidirectional_mean_error_mm": 1922.5128706533437,
  "notes": [
    "Accuracy is based on nearest-pixel distance after fitting track.yaml field_mm to the extracted mask bbox.",
    "Use --mask green/red/dark/nonwhite if the selected blueprint layer is not the intended reference line.",
    "This is not CAD validation; final judgement should use official CAD/DXF coordinates when available."
  ]
}