{
  "image": "circuit_blueprint.png",
  "mask": "nonwhite",
  "component": "largest",
  "image_size_px": [
    3995,
    3548
  ],
  "raw_mask_pixels": 548774,
  "mask_pixels": 294709,
  "mask_bbox_px": [
    637,
    291,
    3409,
    3303
  ],
  "field_mm": [
    12000.0,
    16000.0
  ],
  "track_total_length_m": 323.70428512286395,
  "track_samples": 324,
  "px_per_mm": {
    "x": 0.231,
    "y": 0.18825,
    "average": 0.209625
  },
  "tolerance_mm": 850.0,
  "tolerance_px": 178.18125,
  "track_to_blueprint": {
    "mean_px": 53.71017188174647,
    "median_px": 27.299377550856757,
    "p95_px": 164.50393190247772,
    "max_px": 193.26320169324518,
    "mean_mm": 256.22025942395453,
    "median_mm": 130.22958879359217,
    "p95_mm": 784.7534020392496,
    "within_tolerance_percent": 98.4567901234568
  },
  "blueprint_to_track": {
    "mean_px": 294.60098559608207,
    "median_px": 285.21091599571713,
    "p95_px": 670.5086044036856,
    "max_px": 955.4050244529943,
    "mean_mm": 1405.3714280075471,
    "median_mm": 1360.5768204923893,
    "p95_mm": 3198.609919635948,
    "within_tolerance_percent": 34.92
  },
  "estimated_shape_accuracy_percent": 66.6883950617284,
  "bidirectional_mean_error_mm": 830.7958437157508,
  "notes": [
    "Accuracy is based on nearest-pixel distance after fitting track.yaml field_mm to the extracted mask bbox.",
    "Use --mask green/red/dark/nonwhite if the selected blueprint layer is not the intended reference line.",
    "This is not CAD validation; final judgement should use official CAD/DXF coordinates when available."
  ]
}