{
  "image": "circuit_blueprint.png",
  "track_yaml": "carla_autodrive/reports/track_fitted_ml24.yaml",
  "mask": "nonwhite",
  "component": "largest",
  "image_size_px": [
    3995,
    3548
  ],
  "raw_mask_pixels": 548774,
  "mask_pixels": 294709,
  "mask_bbox_px": [
    637,
    291,
    3409,
    3303
  ],
  "field_mm": [
    12000.0,
    16000.0
  ],
  "track_total_length_m": 340.4812293697565,
  "track_samples": 341,
  "px_per_mm": {
    "x": 0.231,
    "y": 0.18825,
    "average": 0.209625
  },
  "tolerance_mm": 850.0,
  "tolerance_px": 178.18125,
  "track_to_blueprint": {
    "mean_px": 9.927174798549286,
    "median_px": 4.706950356832861,
    "p95_px": 39.706734555693686,
    "max_px": 95.89793425156878,
    "mean_mm": 47.35682670745038,
    "median_mm": 22.454146007550918,
    "p95_mm": 189.41793467236104,
    "within_tolerance_percent": 100.0
  },
  "blueprint_to_track": {
    "mean_px": 256.007370376822,
    "median_px": 272.60537963795855,
    "p95_px": 538.9858440794018,
    "max_px": 885.5393742703927,
    "mean_mm": 1221.2635438369564,
    "median_mm": 1300.4430751959858,
    "p95_mm": 2571.1906694306585,
    "within_tolerance_percent": 40.655
  },
  "estimated_shape_accuracy_percent": 70.3275,
  "bidirectional_mean_error_mm": 634.3101852722034,
  "notes": [
    "Accuracy is based on nearest-pixel distance after fitting track.yaml field_mm to the extracted mask bbox.",
    "Use --mask green/red/dark/nonwhite if the selected blueprint layer is not the intended reference line.",
    "This is not CAD validation; final judgement should use official CAD/DXF coordinates when available."
  ]
}