{
  "image": "circuit_blueprint.png",
  "mask": "nonwhite",
  "component": "largest",
  "image_size_px": [
    3995,
    3548
  ],
  "raw_mask_pixels": 548774,
  "mask_pixels": 294709,
  "mask_bbox_px": [
    637,
    291,
    3409,
    3303
  ],
  "field_mm": [
    12000.0,
    16000.0
  ],
  "track_total_length_m": 337.63536786067044,
  "track_samples": 338,
  "px_per_mm": {
    "x": 0.231,
    "y": 0.18825,
    "average": 0.209625
  },
  "tolerance_mm": 850.0,
  "tolerance_px": 178.18125,
  "track_to_blueprint": {
    "mean_px": 15.140815969874382,
    "median_px": 8.448311586801829,
    "p95_px": 59.12943713193509,
    "max_px": 101.8265304041512,
    "mean_mm": 72.22810242039061,
    "median_mm": 40.3020230735925,
    "p95_mm": 282.0724490491835,
    "within_tolerance_percent": 100.0
  },
  "blueprint_to_track": {
    "mean_px": 262.8222466734637,
    "median_px": 273.5971830562769,
    "p95_px": 563.7682142099486,
    "max_px": 890.6206179206182,
    "mean_mm": 1253.7733890206976,
    "median_mm": 1305.1743974062106,
    "p95_mm": 2689.413067191168,
    "within_tolerance_percent": 40.0
  },
  "estimated_shape_accuracy_percent": 70.0,
  "bidirectional_mean_error_mm": 663.000745720544,
  "notes": [
    "Accuracy is based on nearest-pixel distance after fitting track.yaml field_mm to the extracted mask bbox.",
    "Use --mask green/red/dark/nonwhite if the selected blueprint layer is not the intended reference line.",
    "This is not CAD validation; final judgement should use official CAD/DXF coordinates when available."
  ]
}